<?xml version="1.0"?>
<!DOCTYPE hibernate-mapping PUBLIC
	"-//Hibernate/Hibernate Mapping DTD//EN"
	"http://hibernate.sourceforge.net/hibernate-mapping-3.0.dtd" >

<hibernate-mapping package="com.appshop.model">
	<class name="com.appshop.model.VoucherInfo" table="voucher_info"
		catalog="syt">
		<!-- 配置缓存 -->
		<cache usage="read-write" region="sampleCache1" />
		<id name="id" type="java.lang.Integer">
			<column name="id" />
			<generator class="increment" />
		</id>

		<property name="voucher_no" type="java.lang.String">
			<column name="voucher_no" length="64" not-null="true" />
		</property>
		
		<property name="voucher_content" type="java.lang.String">
			<column name="voucher_content" length="256" not-null="true" />
		</property>
		
		<property name="amount" type="java.lang.Integer">
			<column name="amount" length="20" not-null="true" />
		</property>
		
		<property name="begin_time" type="java.util.Date">
			<column name="begin_time" length="20" not-null="true" />
		</property>
		
		<property name="end_time" type="java.util.Date">
			<column name="end_time" length="20" not-null="true" />
		</property>
		
		<property name="status" type="java.lang.String">
			<column name="status" length="1" not-null="true" />
		</property>
		
		<property name="assess_flag" type="java.lang.String">
			<column name="assess_flag" length="1" not-null="true" />
		</property>
		
		<property name="send_flag" type="java.lang.String">
			<column name="send_flag" length="1" not-null="true" />
		</property>
		
		
		<property name="down_amount" type="java.lang.Integer">
			<column name="down_amount" length="20" not-null="true" />
		</property>	
		
		<property name="corp_no" type="java.lang.String">
			<column name="corp_no" length="64" not-null="true"/>
		</property>	
				
	</class>
</hibernate-mapping>